video0,1987
video1,2066
video2,2020
video3,2211
video4,1843
video5,2212
video6,2195
video7,2166
video8,2037
video9,2054
video10,2169
video11,2111
video12,2308
video13,2080
video14,659
video15,2333
video16,1742
video17,1963
video18,1074
video19,2015
video20,557
video21,1866
video22,2043
video23,2131
video24,1942
video25,2076
video26,1952
video27,2293
video28,1958
video29,2124
video30,2337
video31,2007
video32,1772
video33,2310
video34,2172
video35,2183
video36,2161
video37,2790
video38,1987
video39,2119
video40,2147
video41,1620
video42,3130
video43,1942
video44,2900
video45,2053
video46,2075
video47,2160
video48,2148
video49,2178
video50,2237
video51,1699
video52,1734
video53,2103
video54,2092
video55,2373
video56,2532
video57,1613
video58,2123
video59,1883
video60,2081
video61,2236
video62,2293
video63,2102
video64,1920
video65,2218
video66,2582
video67,2105
video68,1494
video69,2063
video70,2040
video71,2227
video72,2040
video73,3058
video74,2518
video75,2184
video76,1886
video77,2061
video78,2024
video79,1694
video80,551
video81,1937
video82,1865
video83,1781
video84,2117
video85,1496
video86,2021
video87,2023
video88,2781
video89,2036
video90,1749
video91,1509
video92,521
video93,2073
video94,2092
video95,2290
video96,1975
video97,1854
video98,2353
video99,2232
video100,2083
video101,2056
video102,1542
video103,625
video104,2071
video105,2237
video106,528
video107,1512
video108,2041
video109,2373
video110,2153
video111,1716
video112,2094
video113,2043
video114,2176
video115,1978
video116,2081
video117,1081
video118,1165
video119,2265
video120,2147
video121,2160
video122,580
video123,1561
video124,2042
video125,1700
video126,2769
video127,2065
video128,2107
video129,1988
video130,3019
video131,2732
video132,1850
video133,2117
video134,1884
video135,1510
video136,1128
video137,1055
video138,2425
video139,906
video140,949
video141,2198
video142,1551
video143,1856
video144,2163
video145,579
video146,1408
video147,1709
video148,2184
video149,2198
video150,590
video151,1522
video152,2129
video153,2036
video154,2552
video155,1581
video156,2026
video157,1509
video158,2058
video159,2143
video160,2527
video161,2064
video162,2295
video163,1899
video164,1923
video165,2168
video166,2130
video167,1922
video168,2028
video169,2259
video170,997
video171,1027
video172,1078
video173,1038
video174,1996
video175,2415
video176,2137
video177,2065
video178,1611
video179,2051
video180,559
video181,2225
video182,2012
video183,2064
video184,2337
video185,1736
video186,2425
video187,1834
video188,1898
video189,2104
video190,2000
video191,1927
video192,1654
video193,552
video194,2052
video195,2045
video196,1901
video197,1573
video198,640
video199,1855
video200,2137
video201,2014
video202,2116
video203,2176
video204,1823
video205,2196
video206,2086
video207,2174
video208,1804
video209,2138
video210,1974
video211,2175
video212,623
video213,1612
video214,2065
video215,941
video216,1480
video217,2147
video218,1897
video219,2320
video220,2324
video221,2004
video222,2307
video223,2067
video224,1931
video225,2244
video226,2248
video227,1901
video228,2145
video229,2230
video230,2037
video231,2286
video232,1894
video233,1537
video234,2612
video235,2054
video236,1899
video237,2122
video238,1984
video239,2033
video240,2041
video241,2339
video242,2007
video243,1004
